{
  "M%": {
    "min": 0.0,
    "max": 3.67
  },
  "Xf": {
    "min": 13.45,
    "max": 18.4
  },
  "SA": {
    "min": 52.0,
    "max": 79.7
  },
  "SASA": {
    "min": 2704.0,
    "max": 6352.09
  },
  "SASASA": {
    "min": 140608.0,
    "max": 506261.57300000003
  },
  "XfXf": {
    "min": 180.90249999999997,
    "max": 338.55999999999995
  },
  "MFI": {
    "min": 193.75,
    "max": 202.74
  }
}